Year,Occupancy,Occ_CI_Min,Occ_CI_Max,Habitat_Connect,Hab_CI_Min,Hab_CI_Max,Agri_Scheme,Agri_CI_Min,Plant_Abund,Plant_CI_Min,Plant_CI_Max,Occupancy_pchg,Habitat_Connect_pchg,Agri_Scheme_pchg,Plant_Abund_pchg,Occupancy_diff,Habitat_Connect_diff,Agri_Scheme_diff,Plant_Abund_diff,Occupancy_ma2,Habitat_Connect_ma2,Agri_Scheme_ma2,Plant_Abund_ma2,Quality
1992,106.0593686,104.4401563,107.6651358,91.5400453,93.9484,90.72838,,0.175,,99.8,98.5,,,,,,,,,,,,,Good
1992,106.0593686,104.4401563,107.6651358,91.5400453,93.9484,90.72838,,0.012,,99.8,98.5,0.0,0.0,,,0.0,0.0,,,106.0593686,91.5400453,,,Good
1992,106.0593686,104.4401563,107.6651358,91.5400453,93.9484,90.72838,,0.121,,99.8,98.5,0.0,0.0,,,0.0,0.0,,,106.0593686,91.5400453,,,Good
1992,106.0593686,104.4401563,107.6651358,91.5400453,93.9484,90.72838,,0.0,,99.8,98.5,0.0,0.0,,,0.0,0.0,,,106.0593686,91.5400453,,,Good
1993,105.8542915,104.2473246,107.4607442,93.21047697,92.4318,89.13953,,0.331,,99.8,98.5,-0.19336066460421408,1.8248097480458636,,,-0.2050770999999969,1.6704316699999993,,,105.95683005000001,92.375261135,,,Good
1993,105.8542915,104.2473246,107.4607442,93.21047697,92.4318,89.13953,,0.024,,99.8,98.5,0.0,0.0,,,0.0,0.0,,,105.8542915,93.21047697,,,Good
1993,105.8542915,104.2473246,107.4607442,93.21047697,92.4318,89.13953,,0.124,,99.8,98.5,0.0,0.0,,,0.0,0.0,,,105.8542915,93.21047697,,,Good
1993,105.8542915,104.2473246,107.4607442,93.21047697,92.4318,89.13953,,0.0,,99.8,98.5,0.0,0.0,,,0.0,0.0,,,105.8542915,93.21047697,,,Good
1994,105.9078766,104.3096947,107.4599772,95.84199967,90.47876,87.06191,,0.42,,99.8,98.5,0.050621565966446624,2.8232048429995382,,,0.05358509999999228,2.631522700000005,,,105.88108405,94.52623832,,,Good
1994,105.9078766,104.3096947,107.4599772,95.84199967,90.47876,87.06191,,0.047,,99.8,98.5,0.0,0.0,,,0.0,0.0,,,105.9078766,95.84199967,,,Good
1994,105.9078766,104.3096947,107.4599772,95.84199967,90.47876,87.06191,,0.15,,99.8,98.5,0.0,0.0,,,0.0,0.0,,,105.9078766,95.84199967,,,Good
1994,105.9078766,104.3096947,107.4599772,95.84199967,90.47876,87.06191,,0.0,,99.8,98.5,0.0,0.0,,,0.0,0.0,,,105.9078766,95.84199967,,,Good
1995,105.4325825,103.85844,107.042767,90.3214987,87.82156,84.32173,,0.505,,99.8,98.5,-0.4487806905950187,-5.760001866622155,,,-0.4752940999999993,-5.5205009700000005,,,105.67022954999999,93.081749185,,,Good
1995,105.4325825,103.85844,107.042767,90.3214987,87.82156,84.32173,,0.062,,99.8,98.5,0.0,0.0,,,0.0,0.0,,,105.4325825,90.3214987,,,Good
1995,105.4325825,103.85844,107.042767,90.3214987,87.82156,84.32173,,0.301,,99.8,98.5,0.0,0.0,,,0.0,0.0,,,105.4325825,90.3214987,,,Good
1995,105.4325825,103.85844,107.042767,90.3214987,87.82156,84.32173,,0.083,,99.8,98.5,0.0,0.0,,,0.0,0.0,,,105.4325825,90.3214987,,,Good
1996,104.4841587,102.960972,106.0857158,84.4316162,83.55163,80.17753,,0.529,,99.8,98.5,-0.899554746275899,-6.521019452481703,,,-0.9484238000000005,-5.889882500000013,,,104.9583706,87.37655745,,,Good
1996,104.4841587,102.960972,106.0857158,84.4316162,83.55163,80.17753,,0.074,,99.8,98.5,0.0,0.0,,,0.0,0.0,,,104.4841587,84.4316162,,,Good
1996,104.4841587,102.960972,106.0857158,84.4316162,83.55163,80.17753,,0.374,,99.8,98.5,0.0,0.0,,,0.0,0.0,,,104.4841587,84.4316162,,,Good
1996,104.4841587,102.960972,106.0857158,84.4316162,83.55163,80.17753,,0.118,,99.8,98.5,0.0,0.0,,,0.0,0.0,,,104.4841587,84.4316162,,,Good
1997,103.2707446,101.7694459,104.8040453,81.63033913,78.11662,74.74252,,0.577,,99.8,98.5,-1.1613378670005003,-3.3178058126524412,,,-1.2134140999999943,-2.8012770699999976,,,103.87745165,83.030977665,,,Good
1997,103.2707446,101.7694459,104.8040453,81.63033913,78.11662,74.74252,,0.082,,99.8,98.5,0.0,0.0,,,0.0,0.0,,,103.2707446,81.63033913,,,Good
1997,103.2707446,101.7694459,104.8040453,81.63033913,78.11662,74.74252,,0.441,,99.8,98.5,0.0,0.0,,,0.0,0.0,,,103.2707446,81.63033913,,,Good
1997,103.2707446,101.7694459,104.8040453,81.63033913,78.11662,74.74252,,0.131,,99.8,98.5,0.0,0.0,,,0.0,0.0,,,103.2707446,81.63033913,,,Good
1998,102.0659748,100.585352,103.5335463,73.35956615,73.28315,69.78332,,0.63,,99.8,98.5,-1.1666128724707514,-10.131984098251035,,,-1.204769799999994,-8.27077297999999,,,102.6683597,77.49495264000001,,,Good
1998,102.0659748,100.585352,103.5335463,73.35956615,73.28315,69.78332,,0.089,,99.8,98.5,0.0,0.0,,,0.0,0.0,,,102.0659748,73.35956615,,,Good
1998,102.0659748,100.585352,103.5335463,73.35956615,73.28315,69.78332,,0.542,,99.8,98.5,0.0,0.0,,,0.0,0.0,,,102.0659748,73.35956615,,,Good
1998,102.0659748,100.585352,103.5335463,73.35956615,73.28315,69.78332,,0.145,,99.8,98.5,0.0,0.0,,,0.0,0.0,,,102.0659748,73.35956615,,,Good
1999,101.195822,99.66645484,102.7282364,65.73698597,68.2026,64.84219,,0.705,,99.8,98.5,-0.8525395477827713,-10.39071055084204,,,-0.8701527999999996,-7.62258018,,,101.6308984,69.54827606,,,Good
1999,101.195822,99.66645484,102.7282364,65.73698597,68.2026,64.84219,,0.258,,99.8,98.5,0.0,0.0,,,0.0,0.0,,,101.195822,65.73698597,,,Good
1999,101.195822,99.66645484,102.7282364,65.73698597,68.2026,64.84219,,0.696,,99.8,98.5,0.0,0.0,,,0.0,0.0,,,101.195822,65.73698597,,,Good
1999,101.195822,99.66645484,102.7282364,65.73698597,68.2026,64.84219,,0.152,,99.8,98.5,0.0,0.0,,,0.0,0.0,,,101.195822,65.73698597,,,Good
2000,100.5028073,98.94356584,102.0200783,62.13213185,62.07904,58.84354,,0.805,,99.8,98.5,-0.684825407120071,-5.483753273454206,,,-0.6930147000000062,-3.604854120000006,,,100.84931465,63.93455891000001,,,Good
2000,100.5028073,98.94356584,102.0200783,62.13213185,62.07904,58.84354,,0.274,,99.8,98.5,0.0,0.0,,,0.0,0.0,,,100.5028073,62.13213185,,,Good
2000,100.5028073,98.94356584,102.0200783,62.13213185,62.07904,58.84354,,0.844,,99.8,98.5,0.0,0.0,,,0.0,0.0,,,100.5028073,62.13213185,,,Good
2000,100.5028073,98.94356584,102.0200783,62.13213185,62.07904,58.84354,,0.154,,99.8,98.5,0.0,0.0,,,0.0,0.0,,,100.5028073,62.13213185,,,Good
2001,100.0548793,98.51932618,101.4779393,57.43123488,56.75807,53.39765,,0.914,,99.8,98.5,-0.4456870529625512,-7.565967608111301,,,-0.44792800000000454,-4.700896970000002,,,100.2788433,59.781683365,,,Good
2001,100.0548793,98.51932618,101.4779393,57.43123488,56.75807,53.39765,,0.279,,99.8,98.5,0.0,0.0,,,0.0,0.0,,,100.0548793,57.43123488,,,Good
2001,100.0548793,98.51932618,101.4779393,57.43123488,56.75807,53.39765,,0.854,,99.8,98.5,0.0,0.0,,,0.0,0.0,,,100.0548793,57.43123488,,,Good
2001,100.0548793,98.51932618,101.4779393,57.43123488,56.75807,53.39765,,0.167,,99.8,98.5,0.0,0.0,,,0.0,0.0,,,100.0548793,57.43123488,,,Good
2002,100.2845728,98.79620181,101.7218698,52.27728701,54.08529,50.58547,,1.01,,99.8,98.5,0.229567514954776,-8.974119885753707,,,0.22969350000001043,-5.153947869999996,,,100.16972605000001,54.854260945,,,Good
2002,100.2845728,98.79620181,101.7218698,52.27728701,54.08529,50.58547,,0.289,,99.8,98.5,0.0,0.0,,,0.0,0.0,,,100.2845728,52.27728701,,,Good
2002,100.2845728,98.79620181,101.7218698,52.27728701,54.08529,50.58547,,0.98,,99.8,98.5,0.0,0.0,,,0.0,0.0,,,100.2845728,52.27728701,,,Good
2002,100.2845728,98.79620181,101.7218698,52.27728701,54.08529,50.58547,,0.201,,99.8,98.5,0.0,0.0,,,0.0,0.0,,,100.2845728,52.27728701,,,Good
2003,100.3910256,98.88859176,101.8646087,52.04887211,54.31431,50.92611,,1.156,,99.8,98.5,0.10615072391273461,-0.43692952152684095,,,0.10645279999999957,-0.2284149000000042,,,100.3377992,52.16307956,,,Good
2003,100.3910256,98.88859176,101.8646087,52.04887211,54.31431,50.92611,,0.281,,99.8,98.5,0.0,0.0,,,0.0,0.0,,,100.3910256,52.04887211,,,Good
2003,100.3910256,98.88859176,101.8646087,52.04887211,54.31431,50.92611,,1.045,,99.8,98.5,0.0,0.0,,,0.0,0.0,,,100.3910256,52.04887211,,,Good
2003,100.3910256,98.88859176,101.8646087,52.04887211,54.31431,50.92611,,0.236,,99.8,98.5,0.0,0.0,,,0.0,0.0,,,100.3910256,52.04887211,,,Good
2004,100.0200362,98.55700438,101.4477436,48.32670916,56.2016,52.91818,,1.223,,99.8,98.5,-0.3695443868440784,-7.151284550669201,,,-0.37098939999999914,-3.7221629499999977,,,100.20553090000001,50.187790635,,,Good
2004,100.0200362,98.55700438,101.4477436,48.32670916,56.2016,52.91818,,0.286,,99.8,98.5,0.0,0.0,,,0.0,0.0,,,100.0200362,48.32670916,,,Good
2004,100.0200362,98.55700438,101.4477436,48.32670916,56.2016,52.91818,,1.065,,99.8,98.5,0.0,0.0,,,0.0,0.0,,,100.0200362,48.32670916,,,Good
2004,100.0200362,98.55700438,101.4477436,48.32670916,56.2016,52.91818,,0.242,,99.8,98.5,0.0,0.0,,,0.0,0.0,,,100.0200362,48.32670916,,,Good
2005,99.62352142,98.21286247,101.0267191,55.7451084,59.3471,56.11549,,1.147731,,99.8,98.5,-0.39643534942052083,15.350516037496309,,,-0.39651478000000395,7.418399239999999,,,99.82177881000001,52.03590878,,,Good
2005,99.62352142,98.21286247,101.0267191,55.7451084,59.3471,56.11549,,0.459,,99.8,98.5,0.0,0.0,,,0.0,0.0,,,99.62352142,55.7451084,,,Good
2005,99.62352142,98.21286247,101.0267191,55.7451084,59.3471,56.11549,,1.051,,99.8,98.5,0.0,0.0,,,0.0,0.0,,,99.62352142,55.7451084,,,Good
2005,99.62352142,98.21286247,101.0267191,55.7451084,59.3471,56.11549,,0.249,,99.8,98.5,0.0,0.0,,,0.0,0.0,,,99.62352142,55.7451084,,,Good
2006,98.9235546,97.49548562,100.3464152,66.94523093,63.70107,60.58611,,1.17933,,99.8,98.5,-0.7026120036944139,20.09166876066204,,,-0.6999668200000002,11.200122529999994,,,99.27353801000001,61.345169665,,,Anomaly
2006,98.9235546,97.49548562,100.3464152,66.94523093,63.70107,60.58611,,0.431,,99.8,98.5,0.0,0.0,,,0.0,0.0,,,98.9235546,66.94523093,,,Good
2006,98.9235546,97.49548562,100.3464152,66.94523093,63.70107,60.58611,,0.991,,99.8,98.5,0.0,0.0,,,0.0,0.0,,,98.9235546,66.94523093,,,Good
2006,98.9235546,97.49548562,100.3464152,66.94523093,63.70107,60.58611,,0.459,,99.8,98.5,0.0,0.0,,,0.0,0.0,,,98.9235546,66.94523093,,,Good
2007,97.55773856,96.13735579,98.95979723,70.11040846,69.4659,66.45502,,1.195698,,99.8,98.5,-1.3806782879191015,4.728010473680522,,,-1.3658160399999986,3.1651775300000082,,,98.24064658,68.52781969499999,,,Good
2007,97.55773856,96.13735579,98.95979723,70.11040846,69.4659,66.45502,,0.442,,99.8,98.5,0.0,0.0,,,0.0,0.0,,,97.55773856,70.11040846,,,Good
2007,97.55773856,96.13735579,98.95979723,70.11040846,69.4659,66.45502,,0.828,,99.8,98.5,0.0,0.0,,,0.0,0.0,,,97.55773856,70.11040846,,,Good
2007,97.55773856,96.13735579,98.95979723,70.11040846,69.4659,66.45502,,0.448,,99.8,98.5,0.0,0.0,,,0.0,0.0,,,97.55773856,70.11040846,,,Good
2008,95.82255586,94.53092931,97.23074419,77.37891901,76.61972,73.61625,,1.235591,,99.8,98.5,-1.7786212817272662,10.367234636989586,,,-1.73518270000001,7.268510550000002,,,96.69014720999999,73.74466373499999,,,Good
2008,95.82255586,94.53092931,97.23074419,77.37891901,76.61972,73.61625,,0.394,,99.8,98.5,0.0,0.0,,,0.0,0.0,,,95.82255586,77.37891901,,,Good
2008,95.82255586,94.53092931,97.23074419,77.37891901,76.61972,73.61625,,0.58202,,99.8,98.5,0.0,0.0,,,0.0,0.0,,,95.82255586,77.37891901,,,Good
2008,95.82255586,94.53092931,97.23074419,77.37891901,76.61972,73.61625,,0.437,,99.8,98.5,0.0,0.0,,,0.0,0.0,,,95.82255586,77.37891901,,,Good
2009,93.84320407,92.47771687,95.17413471,95.2180871,85.14064,81.92548,,1.276078,,99.8,98.5,-2.065642866896489,23.054299954351354,,,-1.9793517899999955,17.83916809,,,94.83287996499999,86.298503055,,,Anomaly
2009,93.84320407,92.47771687,95.17413471,95.2180871,85.14064,81.92548,,0.403,,99.8,98.5,0.0,0.0,,,0.0,0.0,,,93.84320407,95.2180871,,,Good
2009,93.84320407,92.47771687,95.17413471,95.2180871,85.14064,81.92548,,0.68,,99.8,98.5,0.0,0.0,,,0.0,0.0,,,93.84320407,95.2180871,,,Good
2009,93.84320407,92.47771687,95.17413471,95.2180871,85.14064,81.92548,,0.461,,99.8,98.5,0.0,0.0,,,0.0,0.0,,,93.84320407,95.2180871,,,Good
2010,91.25623503,89.96239624,92.50970016,102.2230572,95.01322,91.23823,,1.493359,,99.8,98.5,-2.756693002585797,7.356764154107842,,,-2.5869690399999996,7.004970099999994,,,92.54971954999999,98.72057215,,,Anomaly
2010,91.25623503,89.96239624,92.50970016,102.2230572,95.01322,91.23823,,0.389,,99.8,98.5,0.0,0.0,,,0.0,0.0,,,91.25623503,102.2230572,,,Good
2010,91.25623503,89.96239624,92.50970016,102.2230572,95.01322,91.23823,,0.79,,99.8,98.5,0.0,0.0,,,0.0,0.0,,,91.25623503,102.2230572,,,Good
2010,91.25623503,89.96239624,92.50970016,102.2230572,95.01322,91.23823,,0.459,,99.8,98.5,0.0,0.0,,,0.0,0.0,,,91.25623503,102.2230572,,,Good
2011,88.55616907,87.28792935,89.76908603,104.4907124,106.24382,101.50924,,1.39463649,,99.8,98.5,-2.9587742241528714,2.2183402278444175,,,-2.7000659600000034,2.267655200000007,,,89.90620204999999,103.35688479999999,,,Anomaly
2011,88.55616907,87.28792935,89.76908603,104.4907124,106.24382,101.50924,,0.38586,,99.8,98.5,0.0,0.0,,,0.0,0.0,,,88.55616907,104.4907124,,,Good
2011,88.55616907,87.28792935,89.76908603,104.4907124,106.24382,101.50924,,0.91,,99.8,98.5,0.0,0.0,,,0.0,0.0,,,88.55616907,104.4907124,,,Good
2011,88.55616907,87.28792935,89.76908603,104.4907124,106.24382,101.50924,,0.44,,99.8,98.5,0.0,0.0,,,0.0,0.0,,,88.55616907,104.4907124,,,Good
2012,86.12542347,84.89155775,87.33848849,110.3549877,118.8433,112.78427,,1.42,,99.8,98.5,-2.744863091444927,5.612245495610191,,,-2.4307455999999945,5.8642752999999885,,,87.34079627,107.42285005,,,Anomaly
2012,86.12542347,84.89155775,87.33848849,110.3549877,118.8433,112.78427,,0.37,,99.8,98.5,0.0,0.0,,,0.0,0.0,,,86.12542347,110.3549877,,,Good
2012,86.12542347,84.89155775,87.33848849,110.3549877,118.8433,112.78427,,1.13,,99.8,98.5,0.0,0.0,,,0.0,0.0,,,86.12542347,110.3549877,,,Good
2012,86.12542347,84.89155775,87.33848849,110.3549877,118.8433,112.78427,,0.45,,99.8,98.5,0.0,0.0,,,0.0,0.0,,,86.12542347,110.3549877,,,Good
2013,84.25146359,83.02869044,85.49864594,110.3549877,118.8433,112.78427,,1.4,,99.8,98.5,-2.175849829815646,0.0,,,-1.873959880000001,0.0,,,85.18844353,110.3549877,,,Good
2013,84.25146359,83.02869044,85.49864594,110.3549877,118.8433,112.78427,,0.39,,99.8,98.5,0.0,0.0,,,0.0,0.0,,,84.25146359,110.3549877,,,Good
2013,84.25146359,83.02869044,85.49864594,110.3549877,118.8433,112.78427,,1.16,,99.8,98.5,0.0,0.0,,,0.0,0.0,,,84.25146359,110.3549877,,,Good
2013,84.25146359,83.02869044,85.49864594,110.3549877,118.8433,112.78427,,0.39,,99.8,98.5,0.0,0.0,,,0.0,0.0,,,84.25146359,110.3549877,,,Good
2014,82.6340791,81.46637378,83.83830756,110.3549877,118.8433,112.78427,,1.35,,99.8,98.5,-1.919710852586276,0.0,,,-1.6173844900000063,0.0,,,83.442771345,110.3549877,,,Good
2014,82.6340791,81.46637378,83.83830756,110.3549877,118.8433,112.78427,,0.2,,99.8,98.5,0.0,0.0,,,0.0,0.0,,,82.6340791,110.3549877,,,Good
2014,82.6340791,81.46637378,83.83830756,110.3549877,118.8433,112.78427,,1.21,,99.8,98.5,0.0,0.0,,,0.0,0.0,,,82.6340791,110.3549877,,,Good
2014,82.6340791,81.46637378,83.83830756,110.3549877,118.8433,112.78427,,0.36,,99.8,98.5,0.0,0.0,,,0.0,0.0,,,82.6340791,110.3549877,,,Good
2015,81.32929655,80.17875255,82.44736227,110.3549877,118.8433,112.78427,,1.34,,99.8,98.5,-1.578988432146755,0.0,,,-1.3047825499999988,0.0,,,81.981687825,110.3549877,,,Good
2015,81.32929655,80.17875255,82.44736227,110.3549877,118.8433,112.78427,,1.34,,99.77,98.66,0.0,0.0,,,0.0,0.0,,,81.32929655,110.3549877,,,Good
2015,81.32929655,80.17875255,82.44736227,110.3549877,118.8433,112.78427,,1.34,,99.85,99.15,0.0,0.0,,,0.0,0.0,,,81.32929655,110.3549877,,,Good
2015,81.32929655,80.17875255,82.44736227,110.3549877,118.8433,112.78427,,1.34,,99.57,98.44,0.0,0.0,,,0.0,0.0,,,81.32929655,110.3549877,,,Good
2015,81.32929655,80.17875255,82.44736227,110.3549877,118.8433,112.78427,,0.25,,99.8,98.5,0.0,0.0,,,0.0,0.0,,,81.32929655,110.3549877,,,Good
2015,81.32929655,80.17875255,82.44736227,110.3549877,118.8433,112.78427,,0.25,,99.77,98.66,0.0,0.0,,,0.0,0.0,,,81.32929655,110.3549877,,,Good
2015,81.32929655,80.17875255,82.44736227,110.3549877,118.8433,112.78427,,0.25,,99.85,99.15,0.0,0.0,,,0.0,0.0,,,81.32929655,110.3549877,,,Good
2015,81.32929655,80.17875255,82.44736227,110.3549877,118.8433,112.78427,,0.25,,99.57,98.44,0.0,0.0,,,0.0,0.0,,,81.32929655,110.3549877,,,Good
2015,81.32929655,80.17875255,82.44736227,110.3549877,118.8433,112.78427,,0.98,,99.8,98.5,0.0,0.0,,,0.0,0.0,,,81.32929655,110.3549877,,,Good
2015,81.32929655,80.17875255,82.44736227,110.3549877,118.8433,112.78427,,0.98,,99.77,98.66,0.0,0.0,,,0.0,0.0,,,81.32929655,110.3549877,,,Good
2015,81.32929655,80.17875255,82.44736227,110.3549877,118.8433,112.78427,,0.98,,99.85,99.15,0.0,0.0,,,0.0,0.0,,,81.32929655,110.3549877,,,Good
2015,81.32929655,80.17875255,82.44736227,110.3549877,118.8433,112.78427,,0.98,,99.57,98.44,0.0,0.0,,,0.0,0.0,,,81.32929655,110.3549877,,,Good
2015,81.32929655,80.17875255,82.44736227,110.3549877,118.8433,112.78427,,0.31,,99.8,98.5,0.0,0.0,,,0.0,0.0,,,81.32929655,110.3549877,,,Good
2015,81.32929655,80.17875255,82.44736227,110.3549877,118.8433,112.78427,,0.31,,99.77,98.66,0.0,0.0,,,0.0,0.0,,,81.32929655,110.3549877,,,Good
2015,81.32929655,80.17875255,82.44736227,110.3549877,118.8433,112.78427,,0.31,,99.85,99.15,0.0,0.0,,,0.0,0.0,,,81.32929655,110.3549877,,,Good
2015,81.32929655,80.17875255,82.44736227,110.3549877,118.8433,112.78427,,0.31,,99.57,98.44,0.0,0.0,,,0.0,0.0,,,81.32929655,110.3549877,,,Good
2016,80.50192746,79.33713781,81.60973571,110.3549877,118.8433,112.78427,,1.36,,94.03,92.97,-1.0173075694701716,0.0,,,-0.8273690899999906,0.0,,,80.915612005,110.3549877,,,Good
2016,80.50192746,79.33713781,81.60973571,110.3549877,118.8433,112.78427,,1.36,,97.48,96.81,0.0,0.0,,,0.0,0.0,,,80.50192746,110.3549877,,,Good
2016,80.50192746,79.33713781,81.60973571,110.3549877,118.8433,112.78427,,1.36,,87.79,86.85,0.0,0.0,,,0.0,0.0,,,80.50192746,110.3549877,,,Good
2016,80.50192746,79.33713781,81.60973571,110.3549877,118.8433,112.78427,,1.36,,109.51,108.16,0.0,0.0,,,0.0,0.0,,,80.50192746,110.3549877,,,Good
2016,80.50192746,79.33713781,81.60973571,110.3549877,118.8433,112.78427,,0.28,,94.03,92.97,0.0,0.0,,,0.0,0.0,,,80.50192746,110.3549877,,,Good
2016,80.50192746,79.33713781,81.60973571,110.3549877,118.8433,112.78427,,0.28,,97.48,96.81,0.0,0.0,,,0.0,0.0,,,80.50192746,110.3549877,,,Good
2016,80.50192746,79.33713781,81.60973571,110.3549877,118.8433,112.78427,,0.28,,87.79,86.85,0.0,0.0,,,0.0,0.0,,,80.50192746,110.3549877,,,Good
2016,80.50192746,79.33713781,81.60973571,110.3549877,118.8433,112.78427,,0.28,,109.51,108.16,0.0,0.0,,,0.0,0.0,,,80.50192746,110.3549877,,,Good
2016,80.50192746,79.33713781,81.60973571,110.3549877,118.8433,112.78427,,0.69,,94.03,92.97,0.0,0.0,,,0.0,0.0,,,80.50192746,110.3549877,,,Good
2016,80.50192746,79.33713781,81.60973571,110.3549877,118.8433,112.78427,,0.69,,97.48,96.81,0.0,0.0,,,0.0,0.0,,,80.50192746,110.3549877,,,Good
2016,80.50192746,79.33713781,81.60973571,110.3549877,118.8433,112.78427,,0.69,,87.79,86.85,0.0,0.0,,,0.0,0.0,,,80.50192746,110.3549877,,,Good
2016,80.50192746,79.33713781,81.60973571,110.3549877,118.8433,112.78427,,0.69,,109.51,108.16,0.0,0.0,,,0.0,0.0,,,80.50192746,110.3549877,,,Good
2016,80.50192746,79.33713781,81.60973571,110.3549877,118.8433,112.78427,,0.05,,94.03,92.97,0.0,0.0,,,0.0,0.0,,,80.50192746,110.3549877,,,Good
2016,80.50192746,79.33713781,81.60973571,110.3549877,118.8433,112.78427,,0.05,,97.48,96.81,0.0,0.0,,,0.0,0.0,,,80.50192746,110.3549877,,,Good
2016,80.50192746,79.33713781,81.60973571,110.3549877,118.8433,112.78427,,0.05,,87.79,86.85,0.0,0.0,,,0.0,0.0,,,80.50192746,110.3549877,,,Good
2016,80.50192746,79.33713781,81.60973571,110.3549877,118.8433,112.78427,,0.05,,109.51,108.16,0.0,0.0,,,0.0,0.0,,,80.50192746,110.3549877,,,Good
2017,79.69452501,78.52509142,80.7877827,110.3549877,118.8433,112.78427,,1.43,,101.56,99.97,-1.0029603954528676,0.0,,,-0.8074024499999979,0.0,,,80.098226235,110.3549877,,,Good
2017,79.69452501,78.52509142,80.7877827,110.3549877,118.8433,112.78427,,1.43,,92.21,91.37,0.0,0.0,,,0.0,0.0,,,79.69452501,110.3549877,,,Good
2017,79.69452501,78.52509142,80.7877827,110.3549877,118.8433,112.78427,,1.43,,89.9,88.83,0.0,0.0,,,0.0,0.0,,,79.69452501,110.3549877,,,Good
2017,79.69452501,78.52509142,80.7877827,110.3549877,118.8433,112.78427,,1.43,,93.54,92.89,0.0,0.0,,,0.0,0.0,,,79.69452501,110.3549877,,,Good
2017,79.69452501,78.52509142,80.7877827,110.3549877,118.8433,112.78427,,0.35,,101.56,99.97,0.0,0.0,,,0.0,0.0,,,79.69452501,110.3549877,,,Good
2017,79.69452501,78.52509142,80.7877827,110.3549877,118.8433,112.78427,,0.35,,92.21,91.37,0.0,0.0,,,0.0,0.0,,,79.69452501,110.3549877,,,Good
2017,79.69452501,78.52509142,80.7877827,110.3549877,118.8433,112.78427,,0.35,,89.9,88.83,0.0,0.0,,,0.0,0.0,,,79.69452501,110.3549877,,,Good
2017,79.69452501,78.52509142,80.7877827,110.3549877,118.8433,112.78427,,0.35,,93.54,92.89,0.0,0.0,,,0.0,0.0,,,79.69452501,110.3549877,,,Good
2017,79.69452501,78.52509142,80.7877827,110.3549877,118.8433,112.78427,,0.99,,101.56,99.97,0.0,0.0,,,0.0,0.0,,,79.69452501,110.3549877,,,Good
2017,79.69452501,78.52509142,80.7877827,110.3549877,118.8433,112.78427,,0.99,,92.21,91.37,0.0,0.0,,,0.0,0.0,,,79.69452501,110.3549877,,,Good
2017,79.69452501,78.52509142,80.7877827,110.3549877,118.8433,112.78427,,0.99,,89.9,88.83,0.0,0.0,,,0.0,0.0,,,79.69452501,110.3549877,,,Good
2017,79.69452501,78.52509142,80.7877827,110.3549877,118.8433,112.78427,,0.99,,93.54,92.89,0.0,0.0,,,0.0,0.0,,,79.69452501,110.3549877,,,Good
2017,79.69452501,78.52509142,80.7877827,110.3549877,118.8433,112.78427,,0.05,,101.56,99.97,0.0,0.0,,,0.0,0.0,,,79.69452501,110.3549877,,,Good
2017,79.69452501,78.52509142,80.7877827,110.3549877,118.8433,112.78427,,0.05,,92.21,91.37,0.0,0.0,,,0.0,0.0,,,79.69452501,110.3549877,,,Good
2017,79.69452501,78.52509142,80.7877827,110.3549877,118.8433,112.78427,,0.05,,89.9,88.83,0.0,0.0,,,0.0,0.0,,,79.69452501,110.3549877,,,Good
2017,79.69452501,78.52509142,80.7877827,110.3549877,118.8433,112.78427,,0.05,,93.54,92.89,0.0,0.0,,,0.0,0.0,,,79.69452501,110.3549877,,,Good
2018,79.03889733,77.93975417,80.17667515,110.3549877,118.8433,112.78427,,1.61,,92.53,91.58,-0.8226759365436265,0.0,,,-0.6556276800000091,0.0,,,79.36671117,110.3549877,,,Good
2018,79.03889733,77.93975417,80.17667515,110.3549877,118.8433,112.78427,,1.61,,100.6,99.36,0.0,0.0,,,0.0,0.0,,,79.03889733,110.3549877,,,Good
2018,79.03889733,77.93975417,80.17667515,110.3549877,118.8433,112.78427,,1.61,,94.64,93.97,0.0,0.0,,,0.0,0.0,,,79.03889733,110.3549877,,,Good
2018,79.03889733,77.93975417,80.17667515,110.3549877,118.8433,112.78427,,1.61,,92.74,91.66,0.0,0.0,,,0.0,0.0,,,79.03889733,110.3549877,,,Good
2018,79.03889733,77.93975417,80.17667515,110.3549877,118.8433,112.78427,,0.45,,92.53,91.58,0.0,0.0,,,0.0,0.0,,,79.03889733,110.3549877,,,Good
2018,79.03889733,77.93975417,80.17667515,110.3549877,118.8433,112.78427,,0.45,,100.6,99.36,0.0,0.0,,,0.0,0.0,,,79.03889733,110.3549877,,,Good
2018,79.03889733,77.93975417,80.17667515,110.3549877,118.8433,112.78427,,0.45,,94.64,93.97,0.0,0.0,,,0.0,0.0,,,79.03889733,110.3549877,,,Good
2018,79.03889733,77.93975417,80.17667515,110.3549877,118.8433,112.78427,,0.45,,92.74,91.66,0.0,0.0,,,0.0,0.0,,,79.03889733,110.3549877,,,Good
2018,79.03889733,77.93975417,80.17667515,110.3549877,118.8433,112.78427,,1.06,,92.53,91.58,0.0,0.0,,,0.0,0.0,,,79.03889733,110.3549877,,,Good
2018,79.03889733,77.93975417,80.17667515,110.3549877,118.8433,112.78427,,1.06,,100.6,99.36,0.0,0.0,,,0.0,0.0,,,79.03889733,110.3549877,,,Good
2018,79.03889733,77.93975417,80.17667515,110.3549877,118.8433,112.78427,,1.06,,94.64,93.97,0.0,0.0,,,0.0,0.0,,,79.03889733,110.3549877,,,Good
2018,79.03889733,77.93975417,80.17667515,110.3549877,118.8433,112.78427,,1.06,,92.74,91.66,0.0,0.0,,,0.0,0.0,,,79.03889733,110.3549877,,,Good
2018,79.03889733,77.93975417,80.17667515,110.3549877,118.8433,112.78427,,0.07,,92.53,91.58,0.0,0.0,,,0.0,0.0,,,79.03889733,110.3549877,,,Good
2018,79.03889733,77.93975417,80.17667515,110.3549877,118.8433,112.78427,,0.07,,100.6,99.36,0.0,0.0,,,0.0,0.0,,,79.03889733,110.3549877,,,Good
2018,79.03889733,77.93975417,80.17667515,110.3549877,118.8433,112.78427,,0.07,,94.64,93.97,0.0,0.0,,,0.0,0.0,,,79.03889733,110.3549877,,,Good
2018,79.03889733,77.93975417,80.17667515,110.3549877,118.8433,112.78427,,0.07,,92.74,91.66,0.0,0.0,,,0.0,0.0,,,79.03889733,110.3549877,,,Good
2019,78.65921554,77.53295617,79.77108035,110.3549877,118.8433,112.78427,,1.8,,92.19,91.19,-0.48037333873062193,0.0,,,-0.37968178999999225,0.0,,,78.849056435,110.3549877,,,Good
2019,78.65921554,77.53295617,79.77108035,110.3549877,118.8433,112.78427,,1.8,,94.86,94.17,0.0,0.0,,,0.0,0.0,,,78.65921554,110.3549877,,,Good
2019,78.65921554,77.53295617,79.77108035,110.3549877,118.8433,112.78427,,1.8,,100.13,99.23,0.0,0.0,,,0.0,0.0,,,78.65921554,110.3549877,,,Good
2019,78.65921554,77.53295617,79.77108035,110.3549877,118.8433,112.78427,,1.8,,87.68,86.47,0.0,0.0,,,0.0,0.0,,,78.65921554,110.3549877,,,Good
2019,78.65921554,77.53295617,79.77108035,110.3549877,118.8433,112.78427,,0.43,,92.19,91.19,0.0,0.0,,,0.0,0.0,,,78.65921554,110.3549877,,,Good
2019,78.65921554,77.53295617,79.77108035,110.3549877,118.8433,112.78427,,0.43,,94.86,94.17,0.0,0.0,,,0.0,0.0,,,78.65921554,110.3549877,,,Good
2019,78.65921554,77.53295617,79.77108035,110.3549877,118.8433,112.78427,,0.43,,100.13,99.23,0.0,0.0,,,0.0,0.0,,,78.65921554,110.3549877,,,Good
2019,78.65921554,77.53295617,79.77108035,110.3549877,118.8433,112.78427,,0.43,,87.68,86.47,0.0,0.0,,,0.0,0.0,,,78.65921554,110.3549877,,,Good
2019,78.65921554,77.53295617,79.77108035,110.3549877,118.8433,112.78427,,1.17,,92.19,91.19,0.0,0.0,,,0.0,0.0,,,78.65921554,110.3549877,,,Good
2019,78.65921554,77.53295617,79.77108035,110.3549877,118.8433,112.78427,,1.17,,94.86,94.17,0.0,0.0,,,0.0,0.0,,,78.65921554,110.3549877,,,Good
2019,78.65921554,77.53295617,79.77108035,110.3549877,118.8433,112.78427,,1.17,,100.13,99.23,0.0,0.0,,,0.0,0.0,,,78.65921554,110.3549877,,,Good
2019,78.65921554,77.53295617,79.77108035,110.3549877,118.8433,112.78427,,1.17,,87.68,86.47,0.0,0.0,,,0.0,0.0,,,78.65921554,110.3549877,,,Good
2019,78.65921554,77.53295617,79.77108035,110.3549877,118.8433,112.78427,,0.05,,92.19,91.19,0.0,0.0,,,0.0,0.0,,,78.65921554,110.3549877,,,Good
2019,78.65921554,77.53295617,79.77108035,110.3549877,118.8433,112.78427,,0.05,,94.86,94.17,0.0,0.0,,,0.0,0.0,,,78.65921554,110.3549877,,,Good
2019,78.65921554,77.53295617,79.77108035,110.3549877,118.8433,112.78427,,0.05,,100.13,99.23,0.0,0.0,,,0.0,0.0,,,78.65921554,110.3549877,,,Good
2019,78.65921554,77.53295617,79.77108035,110.3549877,118.8433,112.78427,,0.05,,87.68,86.47,0.0,0.0,,,0.0,0.0,,,78.65921554,110.3549877,,,Good
2020,78.74869315,77.60040204,79.9083117,110.3549877,118.8433,112.78427,,1.85256336000003,,111.35,110.59,0.11375349904740872,0.0,,,0.08947760999998877,0.0,,,78.703954345,110.3549877,,,Good
2020,78.74869315,77.60040204,79.9083117,110.3549877,118.8433,112.78427,,1.85256336000003,,107.52,106.07,0.0,0.0,,,0.0,0.0,,,78.74869315,110.3549877,,,Good
2020,78.74869315,77.60040204,79.9083117,110.3549877,118.8433,112.78427,,1.85256336000003,,99.53,98.48,0.0,0.0,,,0.0,0.0,,,78.74869315,110.3549877,,,Good
2020,78.74869315,77.60040204,79.9083117,110.3549877,118.8433,112.78427,,1.85256336000003,,112.01,110.92,0.0,0.0,,,0.0,0.0,,,78.74869315,110.3549877,,,Good
2020,78.74869315,77.60040204,79.9083117,110.3549877,118.8433,112.78427,,0.50624962,,111.35,110.59,0.0,0.0,,,0.0,0.0,,,78.74869315,110.3549877,,,Good
2020,78.74869315,77.60040204,79.9083117,110.3549877,118.8433,112.78427,,0.50624962,,107.52,106.07,0.0,0.0,,,0.0,0.0,,,78.74869315,110.3549877,,,Good
2020,78.74869315,77.60040204,79.9083117,110.3549877,118.8433,112.78427,,0.50624962,,99.53,98.48,0.0,0.0,,,0.0,0.0,,,78.74869315,110.3549877,,,Good
2020,78.74869315,77.60040204,79.9083117,110.3549877,118.8433,112.78427,,0.50624962,,112.01,110.92,0.0,0.0,,,0.0,0.0,,,78.74869315,110.3549877,,,Good
2020,78.74869315,77.60040204,79.9083117,110.3549877,118.8433,112.78427,,1.21124953,,111.35,110.59,0.0,0.0,,,0.0,0.0,,,78.74869315,110.3549877,,,Good
2020,78.74869315,77.60040204,79.9083117,110.3549877,118.8433,112.78427,,1.21124953,,107.52,106.07,0.0,0.0,,,0.0,0.0,,,78.74869315,110.3549877,,,Good
2020,78.74869315,77.60040204,79.9083117,110.3549877,118.8433,112.78427,,1.21124953,,99.53,98.48,0.0,0.0,,,0.0,0.0,,,78.74869315,110.3549877,,,Good
2020,78.74869315,77.60040204,79.9083117,110.3549877,118.8433,112.78427,,1.21124953,,112.01,110.92,0.0,0.0,,,0.0,0.0,,,78.74869315,110.3549877,,,Good
2020,78.74869315,77.60040204,79.9083117,110.3549877,118.8433,112.78427,,0.0525,,111.35,110.59,0.0,0.0,,,0.0,0.0,,,78.74869315,110.3549877,,,Good
2020,78.74869315,77.60040204,79.9083117,110.3549877,118.8433,112.78427,,0.0525,,107.52,106.07,0.0,0.0,,,0.0,0.0,,,78.74869315,110.3549877,,,Good
2020,78.74869315,77.60040204,79.9083117,110.3549877,118.8433,112.78427,,0.0525,,99.53,98.48,0.0,0.0,,,0.0,0.0,,,78.74869315,110.3549877,,,Good
2020,78.74869315,77.60040204,79.9083117,110.3549877,118.8433,112.78427,,0.0525,,112.01,110.92,0.0,0.0,,,0.0,0.0,,,78.74869315,110.3549877,,,Good
2021,78.97988773,77.77679481,80.14889207,110.3549877,118.8433,112.78427,,2.279492,,98.13,97.23,0.2935852910722403,0.0,,,0.23119458000000748,0.0,,,78.86429043999999,110.3549877,,,Good
2021,78.97988773,77.77679481,80.14889207,110.3549877,118.8433,112.78427,,2.279492,,95.35,94.32,0.0,0.0,,,0.0,0.0,,,78.97988773,110.3549877,,,Good
2021,78.97988773,77.77679481,80.14889207,110.3549877,118.8433,112.78427,,2.279492,,98.26,96.87,0.0,0.0,,,0.0,0.0,,,78.97988773,110.3549877,,,Good
2021,78.97988773,77.77679481,80.14889207,110.3549877,118.8433,112.78427,,2.279492,,95.85,95.03,0.0,0.0,,,0.0,0.0,,,78.97988773,110.3549877,,,Good
2021,78.97988773,77.77679481,80.14889207,110.3549877,118.8433,112.78427,,0.47,,98.13,97.23,0.0,0.0,,,0.0,0.0,,,78.97988773,110.3549877,,,Good
2021,78.97988773,77.77679481,80.14889207,110.3549877,118.8433,112.78427,,0.47,,95.35,94.32,0.0,0.0,,,0.0,0.0,,,78.97988773,110.3549877,,,Good
2021,78.97988773,77.77679481,80.14889207,110.3549877,118.8433,112.78427,,0.47,,98.26,96.87,0.0,0.0,,,0.0,0.0,,,78.97988773,110.3549877,,,Good
2021,78.97988773,77.77679481,80.14889207,110.3549877,118.8433,112.78427,,0.47,,95.85,95.03,0.0,0.0,,,0.0,0.0,,,78.97988773,110.3549877,,,Good
2021,78.97988773,77.77679481,80.14889207,110.3549877,118.8433,112.78427,,1.18,,98.13,97.23,0.0,0.0,,,0.0,0.0,,,78.97988773,110.3549877,,,Good
2021,78.97988773,77.77679481,80.14889207,110.3549877,118.8433,112.78427,,1.18,,95.35,94.32,0.0,0.0,,,0.0,0.0,,,78.97988773,110.3549877,,,Good
2021,78.97988773,77.77679481,80.14889207,110.3549877,118.8433,112.78427,,1.18,,98.26,96.87,0.0,0.0,,,0.0,0.0,,,78.97988773,110.3549877,,,Good
2021,78.97988773,77.77679481,80.14889207,110.3549877,118.8433,112.78427,,1.18,,95.85,95.03,0.0,0.0,,,0.0,0.0,,,78.97988773,110.3549877,,,Good
2021,78.97988773,77.77679481,80.14889207,110.3549877,118.8433,112.78427,,0.0606,,98.13,97.23,0.0,0.0,,,0.0,0.0,,,78.97988773,110.3549877,,,Good
2021,78.97988773,77.77679481,80.14889207,110.3549877,118.8433,112.78427,,0.0606,,95.35,94.32,0.0,0.0,,,0.0,0.0,,,78.97988773,110.3549877,,,Good
2021,78.97988773,77.77679481,80.14889207,110.3549877,118.8433,112.78427,,0.0606,,98.26,96.87,0.0,0.0,,,0.0,0.0,,,78.97988773,110.3549877,,,Good
2021,78.97988773,77.77679481,80.14889207,110.3549877,118.8433,112.78427,,0.0606,,95.85,95.03,0.0,0.0,,,0.0,0.0,,,78.97988773,110.3549877,,,Good
2022,78.98136816,77.71658673,80.19362258,110.3549877,118.8433,112.78427,,2.34927,,95.58,94.45,0.0018744392307423752,0.0,,,0.0014804300000008652,0.0,,,78.98062794500001,110.3549877,,,Good
2022,78.98136816,77.71658673,80.19362258,110.3549877,118.8433,112.78427,,2.34927,,104.43,103.41,0.0,0.0,,,0.0,0.0,,,78.98136816,110.3549877,,,Good
2022,78.98136816,77.71658673,80.19362258,110.3549877,118.8433,112.78427,,2.34927,,99.68,98.9,0.0,0.0,,,0.0,0.0,,,78.98136816,110.3549877,,,Good
2022,78.98136816,77.71658673,80.19362258,110.3549877,118.8433,112.78427,,2.34927,,101.02,99.67,0.0,0.0,,,0.0,0.0,,,78.98136816,110.3549877,,,Good
2022,78.98136816,77.71658673,80.19362258,110.3549877,118.8433,112.78427,,0.38,,95.58,94.45,0.0,0.0,,,0.0,0.0,,,78.98136816,110.3549877,,,Good
2022,78.98136816,77.71658673,80.19362258,110.3549877,118.8433,112.78427,,0.38,,104.43,103.41,0.0,0.0,,,0.0,0.0,,,78.98136816,110.3549877,,,Good
2022,78.98136816,77.71658673,80.19362258,110.3549877,118.8433,112.78427,,0.38,,99.68,98.9,0.0,0.0,,,0.0,0.0,,,78.98136816,110.3549877,,,Good
2022,78.98136816,77.71658673,80.19362258,110.3549877,118.8433,112.78427,,0.38,,101.02,99.67,0.0,0.0,,,0.0,0.0,,,78.98136816,110.3549877,,,Good
2022,78.98136816,77.71658673,80.19362258,110.3549877,118.8433,112.78427,,0.87,,95.58,94.45,0.0,0.0,,,0.0,0.0,,,78.98136816,110.3549877,,,Good
2022,78.98136816,77.71658673,80.19362258,110.3549877,118.8433,112.78427,,0.87,,104.43,103.41,0.0,0.0,,,0.0,0.0,,,78.98136816,110.3549877,,,Good
2022,78.98136816,77.71658673,80.19362258,110.3549877,118.8433,112.78427,,0.87,,99.68,98.9,0.0,0.0,,,0.0,0.0,,,78.98136816,110.3549877,,,Good
2022,78.98136816,77.71658673,80.19362258,110.3549877,118.8433,112.78427,,0.87,,101.02,99.67,0.0,0.0,,,0.0,0.0,,,78.98136816,110.3549877,,,Good
2022,78.98136816,77.71658673,80.19362258,110.3549877,118.8433,112.78427,,0.0631,,95.58,94.45,0.0,0.0,,,0.0,0.0,,,78.98136816,110.3549877,,,Good
2022,78.98136816,77.71658673,80.19362258,110.3549877,118.8433,112.78427,,0.0631,,104.43,103.41,0.0,0.0,,,0.0,0.0,,,78.98136816,110.3549877,,,Good
2022,78.98136816,77.71658673,80.19362258,110.3549877,118.8433,112.78427,,0.0631,,99.68,98.9,0.0,0.0,,,0.0,0.0,,,78.98136816,110.3549877,,,Good
2022,78.98136816,77.71658673,80.19362258,110.3549877,118.8433,112.78427,,0.0631,,101.02,99.67,0.0,0.0,,,0.0,0.0,,,78.98136816,110.3549877,,,Good
2023,78.23543475,76.88828612,79.61429915,110.3549877,118.8433,112.78427,,0.0631,,106.54,105.1,-0.9444422493275817,0.0,,,-0.7459334100000063,0.0,,,78.608401455,110.3549877,,,Good
2023,78.23543475,76.88828612,79.61429915,110.3549877,118.8433,112.78427,,0.0631,,104.0,102.87,0.0,0.0,,,0.0,0.0,,,78.23543475,110.3549877,,,Good
2023,78.23543475,76.88828612,79.61429915,110.3549877,118.8433,112.78427,,0.0631,,101.52,100.74,0.0,0.0,,,0.0,0.0,,,78.23543475,110.3549877,,,Good
2023,78.23543475,76.88828612,79.61429915,110.3549877,118.8433,112.78427,,0.0631,,94.98,93.92,0.0,0.0,,,0.0,0.0,,,78.23543475,110.3549877,,,Good
2024,77.29549419,75.35007942,79.29338671,110.3549877,118.8433,112.78427,,0.0631,,107.0,105.81,-1.2014256238283338,0.0,,,-0.9399405599999966,0.0,,,77.76546447,110.3549877,,,Good
2024,77.29549419,75.35007942,79.29338671,110.3549877,118.8433,112.78427,,0.0631,,94.91,93.78,0.0,0.0,,,0.0,0.0,,,77.29549419,110.3549877,,,Good
2024,77.29549419,75.35007942,79.29338671,110.3549877,118.8433,112.78427,,0.0631,,109.04,107.82,0.0,0.0,,,0.0,0.0,,,77.29549419,110.3549877,,,Good
2024,77.29549419,75.35007942,79.29338671,110.3549877,118.8433,112.78427,,0.0631,,105.66,104.8,0.0,0.0,,,0.0,0.0,,,77.29549419,110.3549877,,,Good
